Date,Risk_Penalty,HHI_Penalty,IR,HHI,Tracking_Error,CI_Lower,CI_Upper
2015-07-01,0.0,0.0,0.0,0.0,0.0,0.0,0.0
2015-10-01,0.0,0.0,2.3137454394614068,0.11832772110957734,0.005576578823508608,-24.565299113991497,25.703287484840377
2015-10-01,0.0,0.1,0.5276255619083451,0.08989755387987915,0.006412622751521564,-24.841713300247754,19.912484453164023
2015-10-01,0.0,0.2,1.7798844595558438,0.09641364056367686,0.005972486335139946,-24.13402767743092,26.396092387429384
2015-10-01,0.0,0.3,0.8256585486341533,0.07936108789967775,0.005653107446306077,-25.52490722369792,22.463897454242048
2015-10-01,0.0,0.4,0.8518201433377361,0.07689856601629819,0.005390027681845086,-31.23466430384792,25.96285412052621
2015-10-01,0.0,0.5,0.22694770229365566,0.06960535078810547,0.0051346339191379806,-30.71391950271262,26.95135423863814
2015-10-01,0.0,0.6,-0.36894359933377063,0.06442155767379101,0.004974739854674083,-32.63104659657431,24.705551783920544
2015-10-01,0.0,0.7,-0.6752500978554724,0.06242256911178921,0.004862149993082081,-30.85270199914121,23.958511292633347
2015-10-01,0.0,0.8,-0.9867712521913141,0.060948710694094334,0.004719698556114185,-29.32358203329673,26.36668382622374
2015-10-01,0.0,0.9,-1.1267657860514957,0.05976819390729091,0.005336922555381685,-32.118924152073305,23.134106342859518
2015-10-01,0.0,1.0,-1.7259031898432142,0.05978407534765505,0.004097379101364259,-37.897945880704796,27.284500398090003
2015-10-01,0.5,0.0,-0.0019183797229121826,0.10357971833544098,0.005862994029426275,-19.45193614870939,22.89938348022625
2015-10-01,0.5,0.1,-0.5904474962002555,0.08204396376028981,0.004770525825258192,-28.442398864182515,21.486147637558588
2015-10-01,0.5,0.2,-0.10128204832974332,0.08500849039954313,0.006100366556186275,-26.584856234103185,22.045364963982877
2015-10-01,0.5,0.3,1.1599351125184574,0.08090141797823175,0.005258313640020592,-29.988906568380905,28.094556048419104
2015-10-01,0.5,0.4,0.8192227229983405,0.07591530155876572,0.004930323699876378,-29.848999219983238,24.993860633086122
2015-10-01,0.5,0.5,0.10136484507834724,0.06847430692791452,0.004799407411048671,-31.24492002751813,27.81399311405931
2015-10-01,0.5,0.6,-0.4581990439399925,0.06404849859863333,0.004680386922269059,-29.160691069320723,25.557498011855415
2015-10-01,0.5,0.7,-0.6029030228268979,0.06366433027022368,0.004571450541831064,-35.048775018008534,24.357576280108237
2015-10-01,0.5,0.8,-1.1561941359087,0.060422575817430144,0.004467234078007997,-36.30271005880054,24.16566093783345
2015-10-01,0.5,0.9,-1.3677222029544216,0.06179684577509315,0.004266925997312329,-33.81956536169403,25.87345166952833
2015-10-01,0.5,1.0,-1.8317052107054421,0.05945075053870447,0.004154523042945649,-32.161620508039384,23.97741708742773
2015-10-01,1.0,0.0,-0.27533176244932045,0.08930665656170503,0.0051094887765211735,-29.915969562212393,24.002407946647626
2015-10-01,1.0,0.1,-0.17579674426641248,0.09283091691612723,0.004295367291907022,-31.735857214160585,29.4381202774698
2015-10-01,1.0,0.2,1.0779177655930594,0.08260524090225221,0.00498527221075748,-28.743769075447897,27.50303680237754
2015-10-01,1.0,0.3,0.911954634623027,0.07830887288344873,0.0048734107311405855,-31.19860076925706,26.52912085100131
2015-10-01,1.0,0.4,0.649004290031394,0.07405658849169297,0.0045459741544149205,-28.519325518872474,28.98297291148685
2015-10-01,1.0,0.5,0.027757391821322027,0.06828473174745507,0.004447820247164801,-32.70352590610667,29.429863476862415
2015-10-01,1.0,0.6,-0.577763610145812,0.06371562586465622,0.004416205610529089,-33.662254690480836,26.34692722120805
2015-10-01,1.0,0.7,-1.0358954775684626,0.06087820678322548,0.00437278014842557,-34.725754166766166,25.526584580738472
2015-10-01,1.0,0.8,-1.342618682912216,0.059987846091627536,0.0042444786720269925,-33.27450556276158,26.1273798123777
2015-10-01,1.0,0.9,-1.5510190297420998,0.05937056839660148,0.004296780081161811,-39.60485947055508,24.955321044466455
2015-10-01,1.0,1.0,-2.1665408212125326,0.05927060830444288,0.003827665384783424,-36.293424847862006,26.654283278942973
2015-10-01,1.5,0.0,1.323410208295812,0.09775692515132002,0.005162967809897176,-24.791019284366378,28.682332457091015
2015-10-01,1.5,0.1,1.7414056598138135,0.0961865555802555,0.0038203063343878337,-34.74501315673561,37.94300601446656
2015-10-01,1.5,0.2,1.010459843116461,0.08236696924988265,0.004115985805423252,-28.301827123041438,27.97613703499191
2015-10-01,1.5,0.3,0.7244134201525759,0.08063700356920232,0.004175513618145926,-28.08745352410795,30.835398986835166
2015-10-01,1.5,0.4,0.6029536007827949,0.07394230550123042,0.00423953024616495,-30.765353564556026,31.11616296983989
2015-10-01,1.5,0.5,-0.07007019378683582,0.06813165493674493,0.004181330346990285,-30.73137232677263,28.40361862436413
2015-10-01,1.5,0.6,-0.705574433249573,0.06363213936939888,0.004151489910923751,-36.08955582947585,28.673514175064636
2015-10-01,1.5,0.7,-1.0692996373376948,0.06194676748520699,0.004081812114868104,-36.35363064438352,27.418808400094854
2015-10-01,1.5,0.8,-1.3442345680778425,0.06115084621624132,0.004090592660634489,-33.164482806400315,26.973272275968448
2015-10-01,1.5,0.9,-1.8195385825617452,0.057935442490485364,0.004106787473388679,-31.297057625850222,26.786856241074787
2015-10-01,1.5,1.0,-1.8963487016922143,0.05930864152331983,0.004242334864324093,-33.07111336622226,26.09774612838654
2015-10-01,2.0,0.0,0.8068462128725523,0.10288103117684098,0.004558021090732846,-24.499725907077682,26.425208648618042
2015-10-01,2.0,0.1,-0.8687272259044775,0.08036577249107088,0.004336988077382458,-26.167081540023727,22.15468600660457
2015-10-01,2.0,0.2,1.5377336703647608,0.08629220457410937,0.004306406358697949,-30.400452117000256,30.727608263365987
2015-10-01,2.0,0.3,1.1810255558199076,0.0807922373374638,0.004084215041550102,-30.69095084551995,31.321231523969455
2015-10-01,2.0,0.4,0.5153782330453601,0.0739105169995669,0.0039460455894066125,-29.18607330696186,34.82335481924495
2015-10-01,2.0,0.5,-0.1905592044605371,0.06806522646482625,0.0039386975190559064,-31.432600712003286,31.116937340733987
2015-10-01,2.0,0.6,-0.8355239708371106,0.06370924511997422,0.003924064377936951,-34.03043584080352,27.611598605281433
2015-10-01,2.0,0.7,-1.3010273642804695,0.06092470980405562,0.003944734817204413,-38.01472332158636,26.16703252371485
2015-10-01,2.0,0.8,-1.591873808155914,0.06131730313176534,0.0038073452033408634,-36.55807395337026,25.942284855729472
2015-10-01,2.0,0.9,-1.960767704912496,0.05793026169191892,0.003951637599666393,-34.44955377668491,28.008714213155166
2015-10-01,2.0,1.0,-2.73199735543165,0.060828313854193634,0.0035420206933176168,-35.982707867042386,25.303034682790525
2015-10-01,2.5,0.0,1.3583168073136478,0.10805039724795332,0.004366756357990953,-27.90501903408162,30.067236908128727
2015-10-01,2.5,0.1,1.7521601708856984,0.09938663622877568,0.003995653191362081,-30.274333243621307,33.96660155136551
2015-10-01,2.5,0.2,1.8731879574872692,0.09192497026556444,0.0038996989253914875,-28.214875810148772,37.02484842949624
2015-10-01,2.5,0.3,0.999496658342542,0.07980534429849144,0.0037559930305912283,-31.145469002184228,32.15751544907618
2015-10-01,2.5,0.4,0.42790830320493106,0.07382274399680468,0.003774249601450551,-30.6635998710818,32.58326530003648
2015-10-01,2.5,0.5,-0.3655800017412138,0.06786838574327715,0.0037136224680407986,-32.60075215310462,32.915993088023185
2015-10-01,2.5,0.6,-1.0081154557354761,0.06359936983920508,0.0037369876993334655,-35.52014091000954,31.570003006522487
2015-10-01,2.5,0.7,-1.5011332056056057,0.06147121126282633,0.0036764770726506225,-34.840314691909576,32.380489025904026
2015-10-01,2.5,0.8,-1.6667072702950074,0.06084102704838101,0.0037700617131316934,-35.51750579230632,28.000234736995655
2015-10-01,2.5,0.9,-2.285317568024256,0.05808630310938476,0.0036623015257037724,-38.09092232217509,25.157724843512653
2015-10-01,2.5,1.0,-2.636771806675056,0.058403277848999756,0.0036014919706208034,-29.642373668591112,28.30599167351285
2015-10-01,3.0,0.0,-0.7728771653271691,0.07774188872469825,0.0037695903888657653,-30.932657062398924,32.70606750930054
2015-10-01,3.0,0.1,2.0663274349956273,0.10150348401222394,0.003919471030059649,-28.115283223488543,37.20799137528889
2015-10-01,3.0,0.2,0.52942453349898,0.07919614562804521,0.00403949562310817,-32.84027764784703,32.737429302303724
2015-10-01,3.0,0.3,0.9256248967600836,0.07982498470933998,0.0035892183377394904,-29.161387339343673,39.74262303721566
2015-10-01,3.0,0.4,0.25749713941706337,0.07355833470334411,0.0035528524854186705,-33.96247700265495,34.44521791284813
2015-10-01,3.0,0.5,-0.5180929733907894,0.06795937479524625,0.003525459090660008,-37.15932718619737,37.352478671588386
2015-10-01,3.0,0.6,-1.1042459602250136,0.06435411691885697,0.003543646050866779,-36.20923092503774,30.449340136392372
2015-10-01,3.0,0.7,-1.5897362924877358,0.06124308268669316,0.0036062052978930582,-36.33073580811874,31.558294744306274
2015-10-01,3.0,0.8,-1.9550265511437557,0.059479301760681696,0.0036468660349266422,-33.57488363727367,30.574304884161705
2015-10-01,3.0,0.9,-2.3186923843280223,0.058605467280031354,0.0036037827113406585,-30.896796872879875,29.246032869424067
2015-10-01,3.0,1.0,-2.407799430306745,0.060672343343648356,0.0038643778241393596,-34.11690161082258,27.331444736802222
2015-10-01,3.5,0.0,0.07874002242050908,0.07974434215762675,0.0034062480500264693,-34.12624222361979,32.79292021044267
2015-10-01,3.5,0.1,1.4262002558638955,0.09178718784768439,0.0033833015114620654,-33.35468283780883,43.85288237399986
2015-10-01,3.5,0.2,1.4584403569252018,0.08897676659837499,0.003352143384465899,-31.850560561272953,42.52154350753136
2015-10-01,3.5,0.3,0.6738684849345099,0.07906961389006043,0.0033735100070401347,-34.17458826492431,41.02869484230412
2015-10-01,3.5,0.4,0.044249269946439386,0.07287280906277863,0.003409475300845582,-34.1056626400637,33.437439900468306
2015-10-01,3.5,0.5,-0.699421229096724,0.06790996573437344,0.0033699809552662366,-34.50061851945308,32.86150159363041
2015-10-01,3.5,0.6,-1.2024008433659732,0.06444676995614847,0.003452925389477141,-32.77531324815891,31.269087593124212
2015-10-01,3.5,0.7,-1.5741807582929348,0.06366911807865129,0.003435229585825738,-35.45662601849682,28.84367153962909
2015-10-01,3.5,0.8,-2.687819797001348,0.063027575188369,0.0030878818361046527,-37.10995400682342,31.359405562331094
2015-10-01,3.5,0.9,-2.4587010776471354,0.0586804833599843,0.003502532788483617,-31.687618383600217,29.174904266954844
2015-10-01,3.5,1.0,-2.8811141889683176,0.05786773852634051,0.0034696950489521753,-36.241424850001444,27.515065924743446
2015-10-01,4.0,0.0,-1.7414826504253256,0.07583637072950172,0.0035001083936534515,-35.80485218396213,34.677544231715466
2015-10-01,4.0,0.1,0.013477497004113992,0.08525139499055538,0.003297018298768384,-31.817224059056073,34.77061747882335
2015-10-01,4.0,0.2,1.43169653874798,0.08972531050178197,0.003272468798267918,-30.409181172903647,42.92796386240464
2015-10-01,4.0,0.3,0.6500557721205519,0.07928461649170918,0.0033014690309845773,-33.882076369050445,38.75648696191243
2015-10-01,4.0,0.4,-0.08322708245034348,0.07326322206204432,0.003249370099007419,-34.040892836295235,40.85622617543957
2015-10-01,4.0,0.5,-0.8757602355859282,0.06803929635792225,0.003227232311680566,-37.63531088481853,32.488620189522344
2015-10-01,4.0,0.6,-1.4630556262716572,0.06431984677383724,0.0032720545217464017,-39.54269233402859,35.830852104074026
2015-10-01,4.0,0.7,-1.8233132474203264,0.06191182160726367,0.0033778201746436144,-33.20141273924256,29.7419496051442
2015-10-01,4.0,0.8,-2.498547325950993,0.06090739296637139,0.0032326041341027884,-38.308605608631844,32.80457533221598
2015-10-01,4.0,0.9,-2.804080364255441,0.05951542128273558,0.003318026814962915,-31.008621586123084,32.11596228229502
2015-10-01,4.0,1.0,-4.1574348696286805,0.05701178683146302,0.002902259263974727,-40.80364625627149,33.254315242642505
2015-10-01,4.5,0.0,-1.8490972964750327,0.07735591583521241,0.0032442233537898456,-35.11686155999368,28.549524610748342
2015-10-01,4.5,0.1,-0.3726731865126697,0.07813652656832332,0.003087724641219479,-34.60236950343413,38.015848687591145
2015-10-01,4.5,0.2,1.3922372603467827,0.08921588942381699,0.0032635311935562098,-31.11258819451479,43.12948317131577
2015-10-01,4.5,0.3,0.5142218168444204,0.07893996754086317,0.0032077332400535347,-31.969670087339658,39.94255280520613
2015-10-01,4.5,0.4,-0.258288756714621,0.0729660413241079,0.003151285045097928,-36.24150508141595,35.585709717400334
2015-10-01,4.5,0.5,-1.2597526724963186,0.06750399433846338,0.0030524389047308035,-39.15358636041416,39.714792171260356
2015-10-01,4.5,0.6,-2.1435856904175705,0.06370334593817173,0.002984019669819187,-37.709446450000456,37.39391797499892
2015-10-01,4.5,0.7,-1.9441337558444092,0.06315634733999882,0.003244698671270594,-37.298367861584325,32.1467702036281
2015-10-01,4.5,0.8,-2.5353622719326703,0.061642109186841966,0.0032217891733851986,-38.143282612426695,29.021005283164346
2015-10-01,4.5,0.9,-3.702904552321131,0.058924646430134606,0.002957167370308722,-36.66287960457065,32.855432328541454
2015-10-01,4.5,1.0,-3.3396962969192363,0.05740224798268851,0.003191136989685538,-43.95206820943646,31.4664522504926
2015-10-01,5.0,0.0,1.3267258237353121,0.10264469187637161,0.0033758226098897603,-30.417622418580653,43.65726502810022
2015-10-01,5.0,0.1,1.1778997113842102,0.09400396004173091,0.003160725707787699,-34.00605411199907,44.95752470083265
2015-10-01,5.0,0.2,0.7809959313671638,0.08584776042903104,0.0030234555167372766,-31.764956133148324,48.518829834591
2015-10-01,5.0,0.3,-0.1277068655780235,0.07612893341771498,0.003021563201947537,-37.816793235967666,36.988086494163966
2015-10-01,5.0,0.4,-0.4517662999124853,0.07271564477737565,0.0030540683061711545,-36.26808216891331,39.91616064398026
2015-10-01,5.0,0.5,-1.5456004731625026,0.06701747388985535,0.0029547471369504347,-36.4322416305114,41.99160200367636
2015-10-01,5.0,0.6,-2.496270640390702,0.0632957785055079,0.0028739720502429186,-39.5787251290078,35.8630812962872
2015-10-01,5.0,0.7,-3.2423258078016577,0.06073910517514447,0.0028254780648815938,-39.41653299983096,34.33583484027558
2015-10-01,5.0,0.8,-3.4561271200493637,0.05943620154426226,0.0028742090404612897,-43.668094103862245,35.284247465007695
2015-10-01,5.0,0.9,-3.3318283644703506,0.06110998697701382,0.0030955967777836465,-33.939894210511056,32.344806537439474
2015-10-01,5.0,1.0,-4.217354055767697,0.05846147141690023,0.00291152375794451,-43.77240221645506,30.130134613497187
2016-01-01,0.0,0.0,10.510814971006791,0.12309985331810915,0.0059097088560233265,4.062834352916453,18.769698123018326
2016-01-01,0.0,0.1,11.571126865371689,0.1665345787825776,0.007218166547378828,4.2958056554022575,21.910825451343356
2016-01-01,0.0,0.2,12.532312223357286,0.12068295913536181,0.006113034336893553,4.787664724470418,22.935744373280425
2016-01-01,0.0,0.3,12.973236952830227,0.09046283337667542,0.005311283367333053,4.902351237092785,21.362795585513744
2016-01-01,0.0,0.4,13.055849672035455,0.07513627785282306,0.004847340764906195,4.288394836400635,22.219343406953577
2016-01-01,0.0,0.5,13.224804757988919,0.068186720155433,0.004532280306940398,3.0483612241117775,22.808656475118642
2016-01-01,0.0,0.6,13.274573138135155,0.06433768375150958,0.004331546377824196,1.3864799383858475,24.6268441684511
2016-01-01,0.0,0.7,13.230225700102975,0.06348651111837479,0.004204928031236088,6.559135318232384,21.195589357694658
2016-01-01,0.0,0.8,14.210317067146281,0.061158371270166836,0.003766210169153227,6.88707150248808,22.959000974292376
2016-01-01,0.0,0.9,12.387221726033836,0.058875326849503105,0.00420981028452873,3.0019161738949496,21.240246398153037
2016-01-01,0.0,1.0,12.524584216377779,0.05745514130490099,0.004078273249449755,6.690976744065716,19.58738646502865
2016-01-01,0.5,0.0,10.992275475123902,0.12477547849554059,0.006495722660221549,1.4977857942197637,26.48848385780964
2016-01-01,0.5,0.1,12.467322821316575,0.10710721175200892,0.005630365147682365,3.6043287749499724,21.41252413972756
2016-01-01,0.5,0.2,11.639660885611875,0.08487502577539834,0.004995708031872847,1.8628082770953884,21.533495915514305
2016-01-01,0.5,0.3,13.156530712422521,0.08708882679360146,0.00515189616684485,5.446391517090366,22.095202708532394
2016-01-01,0.5,0.4,13.191659579981875,0.0735789998663807,0.004745671231802807,5.116767483719834,21.888810762887204
2016-01-01,0.5,0.5,13.373446585264713,0.06807466063432087,0.004463494720056515,2.0634580708431165,23.844913403881826
2016-01-01,0.5,0.6,12.939652753470636,0.06275732363672208,0.004387723744541492,3.012003683826369,22.280837607119853
2016-01-01,0.5,0.7,12.884774882239286,0.05943898543315974,0.00424968873641166,4.709994470709815,21.43623020534883
2016-01-01,0.5,0.8,12.945443449069602,0.0596551517545153,0.004118849161179288,1.1470416356227338,24.115199908456432
2016-01-01,0.5,0.9,13.488445911285323,0.05705271367059454,0.0038737316837069084,1.0474713411950638,25.79424412364337
2016-01-01,0.5,1.0,12.84079169685334,0.05862183615736816,0.0038511455535593566,6.742941985657595,20.941748462967055
2016-01-01,1.0,0.0,12.216195051199568,0.1034857603143975,0.005035842085565069,6.319180464273829,19.143198519619943
2016-01-01,1.0,0.1,14.047497133236229,0.09407764355944889,0.004245332380494812,-0.05079743790891971,32.133153846334
2016-01-01,1.0,0.2,12.972375921729752,0.10857343938266112,0.005674697145389515,5.7053054008182285,22.214214515336533
2016-01-01,1.0,0.3,13.340454034135563,0.08484563093295444,0.005019114993496172,5.521568523344667,21.99456813980875
2016-01-01,1.0,0.4,13.318695568137528,0.07211501358360224,0.004648525090005514,4.936912815634053,21.346574740879042
2016-01-01,1.0,0.5,13.194659306287594,0.06517545929643154,0.004428749924310397,4.171748721801558,21.77754225224014
2016-01-01,1.0,0.6,13.557961287573134,0.06494336086911921,0.0041901230339282955,6.779655330381846,21.613125669893076
2016-01-01,1.0,0.7,12.961763354006415,0.05907221844354047,0.004200724667914067,4.315815253345579,21.343455773161786
2016-01-01,1.0,0.8,13.587194298387184,0.05962963138172234,0.003874968803042956,7.135702874172099,21.36658936447458
2016-01-01,1.0,0.9,12.65100436970024,0.05867145833960596,0.004054519314154664,5.944402745524676,20.11192281596467
2016-01-01,1.0,1.0,12.8331500003375,0.05833639887188373,0.0038092624559005568,-1.63833843793873,27.31904454497222
2016-01-01,1.5,0.0,12.386016393770534,0.12978059486463678,0.00595469055446948,2.992073183927088,22.910072089137792
2016-01-01,1.5,0.1,11.623278468220246,0.10770879426688319,0.00557818667115182,3.9190411355945725,22.230926616400627
2016-01-01,1.5,0.2,13.071432233262547,0.08084356577084384,0.004903013091985996,2.887714184321233,22.09380831307009
2016-01-01,1.5,0.3,13.39936494329294,0.08288769647397932,0.0049393065286603526,6.145222024084053,22.700589131769153
2016-01-01,1.5,0.4,13.542534943407805,0.07124785331319511,0.00453256450701184,5.376953319306257,22.52342867478628
2016-01-01,1.5,0.5,13.627789045686841,0.06464402444790732,0.0042451979393814425,4.249616921179099,22.753034839312736
2016-01-01,1.5,0.6,12.81353487991385,0.06551728999752743,0.004435333277566802,6.619288438779648,19.95396310522852
2016-01-01,1.5,0.7,13.665636403349787,0.058869253748127987,0.0039394434421526,2.3250661291084627,24.43863494115591
2016-01-01,1.5,0.8,12.865024596905558,0.06003999956813248,0.004057782917871158,3.0432494206551755,22.231093208542234
2016-01-01,1.5,0.9,11.92003284645464,0.05866591119430645,0.004287416892630061,0.43316835788575897,21.630087931405495
2016-01-01,1.5,1.0,12.093907880072628,0.05778105108690618,0.004067788402713894,0.2035769311737517,22.252781863265216
2016-01-01,2.0,0.0,11.501660140603406,0.09239178406788913,0.005239642425893588,4.5197093770635455,20.437037129707257
2016-01-01,2.0,0.1,14.096398838295002,0.10503205654101753,0.004828658764294639,7.493979548604275,23.043412893536903
2016-01-01,2.0,0.2,13.473649304141983,0.10125096267563317,0.005317463748919433,6.168203807021102,23.1455123332206
2016-01-01,2.0,0.3,13.630359846993347,0.08091921952026637,0.004796045540725828,6.296796955194179,23.074452835836595
2016-01-01,2.0,0.4,13.704587224109918,0.06965337448500752,0.004414722680681013,4.8558600733043615,22.36586124843254
2016-01-01,2.0,0.5,13.388504993054498,0.0637328558712396,0.00429271482281102,5.344029057532865,22.378981090789754
2016-01-01,2.0,0.6,12.86916512699012,0.06483787830021134,0.0043744495134507245,6.535035359637789,20.196930333096656
2016-01-01,2.0,0.7,13.760300776198132,0.05841213091979306,0.0038803093006278024,3.9479063927936444,23.909152322479088
2016-01-01,2.0,0.8,13.637468139472675,0.05764744580077464,0.00381451152120171,4.349975602768912,22.021098597398506
2016-01-01,2.0,0.9,13.515926016246862,0.05667126026539302,0.0037944617761545996,-1.8217316209314662,27.851393673193975
2016-01-01,2.0,1.0,13.46569675152473,0.056484450910171395,0.003694218900587544,-2.0256031281664217,29.828249494323856
2016-01-01,2.5,0.0,12.854118200016226,0.10150537000275517,0.004989274404732412,-3.696459646058185,26.878365334754605
2016-01-01,2.5,0.1,13.230008033619038,0.12564986955350327,0.0057645694004986705,6.339422761369092,22.65921810952497
2016-01-01,2.5,0.2,13.41019350960564,0.09743050710936595,0.005273725369174579,6.301104427003747,21.867599231111708
2016-01-01,2.5,0.3,13.776925760121204,0.07884938637263356,0.004678045141239041,6.987655414647113,22.408325216918225
2016-01-01,2.5,0.4,13.685293529717699,0.06873689660987571,0.004386829287732053,5.864947957599198,21.84649327651503
2016-01-01,2.5,0.5,13.886822334960295,0.06276459311926176,0.004069496464638144,4.88416429356295,22.85099692902389
2016-01-01,2.5,0.6,14.199274309643892,0.06320753710081449,0.0038390635975030798,7.242721015459474,21.87712344247747
2016-01-01,2.5,0.7,14.602432384864413,0.059782259729077525,0.003573517710392959,7.355257155970364,22.877399723757488
2016-01-01,2.5,0.8,13.973368741174905,0.057992642853861257,0.0036663291592930343,1.5200100169995447,26.69555149961933
2016-01-01,2.5,0.9,13.136743282269565,0.05768451373447037,0.003790298359887298,4.005633339801322,22.573610494492033
2016-01-01,2.5,1.0,12.343883698864547,0.05603494391760801,0.004097717190102156,6.004652866995046,19.531226221781658
2016-01-01,3.0,0.0,12.437116136192932,0.08148491073424415,0.004736406278601698,5.111731310939719,19.00552531192387
2016-01-01,3.0,0.1,13.3107344983444,0.11508916787315832,0.005580615271829961,7.0407149092908154,21.600304678109328
2016-01-01,3.0,0.2,13.551527933761792,0.09301135056259162,0.0051188138020735845,6.54433806270201,22.566861059820596
2016-01-01,3.0,0.3,13.944302096009025,0.07669055675427065,0.004546715878194903,6.360558943115021,22.756755985017993
2016-01-01,3.0,0.4,14.02171985364528,0.06681302001103985,0.004189622101738788,5.788608595265028,23.261584715650613
2016-01-01,3.0,0.5,14.750586547074972,0.0654273996032675,0.003803857817569424,7.626071916666901,23.306173688840385
2016-01-01,3.0,0.6,13.397335511971576,0.0597086046636759,0.0040779304912772,5.0564309548295645,21.72772209090551
2016-01-01,3.0,0.7,13.10255233592375,0.059592573401646046,0.004059340776335642,1.778313077717493,22.84137961467782
2016-01-01,3.0,0.8,13.604501182354106,0.05897987491588887,0.0036796271968041303,7.331417749504631,21.512303069402066
2016-01-01,3.0,0.9,13.94550890946083,0.056632028785387534,0.0035625569532439483,5.012171850103857,23.296907372526288
2016-01-01,3.0,1.0,13.811862245256433,0.05518705548728444,0.003617263091350217,2.738792328799696,26.49059853679476
2016-01-01,3.5,0.0,13.257327144395854,0.09738441429785467,0.004687661820822784,4.0856087133816095,24.495503340620278
2016-01-01,3.5,0.1,13.44927272376166,0.11846803451462518,0.0055839378618830135,6.274926684618482,23.56310171201
2016-01-01,3.5,0.2,13.99261387735441,0.09120092741700457,0.004884005843580001,7.465217855098267,22.388025012439712
2016-01-01,3.5,0.3,14.133350386391971,0.07477975865603145,0.004412159804040573,6.443536918127386,22.424918347368322
2016-01-01,3.5,0.4,14.164417047537873,0.0656276737578366,0.0040890353883376645,6.156033830580772,23.462816082119012
2016-01-01,3.5,0.5,14.12949176401198,0.061255697253727544,0.003909467783491899,4.6149829589847835,23.923211275812925
2016-01-01,3.5,0.6,14.083899960807337,0.05884467141273765,0.003795294176173783,3.5277915845089556,24.71775847453776
2016-01-01,3.5,0.7,13.901048024228112,0.058063700071392395,0.0037675470212353897,1.8340952432548014,27.64189746671898
2016-01-01,3.5,0.8,13.110370592422715,0.058014847639516504,0.003877567788924805,6.619602215485579,20.07458545907549
2016-01-01,3.5,0.9,12.926829373321606,0.056832489645510305,0.003875269115047347,7.373806572927785,20.053610818238905
2016-01-01,3.5,1.0,13.95651012251804,0.05570401360308869,0.0034723841736742744,4.681841086937536,22.73979060562134
2016-01-01,4.0,0.0,13.804964022767113,0.09960525325804383,0.004869842413559745,6.929606521088566,22.320763847374824
2016-01-01,4.0,0.1,13.546426191530125,0.0936751659404733,0.0050081150583755835,6.456339822315369,21.08996723073389
2016-01-01,4.0,0.2,14.127046995651591,0.0892491581837606,0.004779252091855173,7.698007992755411,22.424724211152895
2016-01-01,4.0,0.3,14.301389882382745,0.07305540481430366,0.004290421681657569,6.4155924350636955,22.106672538609704
2016-01-01,4.0,0.4,14.291940696371249,0.06604354388811312,0.004039975900853142,4.414971645087701,23.88357246513626
2016-01-01,4.0,0.5,13.730008030512579,0.061695459908880645,0.0040575244520776954,5.960945064028761,22.328236274446883
2016-01-01,4.0,0.6,13.54663654863609,0.06271307536444573,0.003919717557057791,8.200062250020123,21.07428293837179
2016-01-01,4.0,0.7,14.62850610549476,0.05849890832541596,0.0034494386001490945,8.70089591802294,22.33851861811411
2016-01-01,4.0,0.8,14.04275417235941,0.056054337192137454,0.0036153666591378173,2.060388423837837,25.085224508078976
2016-01-01,4.0,0.9,14.203627493199738,0.05578258155057761,0.0034511693753291714,7.761093161089896,22.076129508269542
2016-01-01,4.0,1.0,14.772934121941368,0.056801212597710996,0.0030595784011752058,8.139760042466552,24.011077340590496
2016-01-01,4.5,0.0,13.61822169492268,0.10284562284131603,0.005069074024077579,7.582552336433554,22.351945232807847
2016-01-01,4.5,0.1,14.201672296104759,0.08966186097234623,0.004652664239327471,7.291461365042934,22.68873588216083
2016-01-01,4.5,0.2,13.909699734872069,0.08293647396458052,0.0047191409449704935,7.358175611727239,21.707204968932324
2016-01-01,4.5,0.3,14.485001687856,0.07104142902192609,0.004151856855580655,6.894899241713423,23.21704664241162
2016-01-01,4.5,0.4,14.510830055107283,0.06568689638867609,0.003921398050454821,7.699465093999845,22.816580576606466
2016-01-01,4.5,0.5,14.208156110432599,0.06198268539661262,0.003841484427727762,4.026874848395925,23.987320789119146
2016-01-01,4.5,0.6,15.271896159334368,0.06138807687012143,0.0033115022742900998,1.833621915343761,29.294288412141633
2016-01-01,4.5,0.7,14.183278294262541,0.05673803443698147,0.0036184280505065732,2.9598323163745306,25.564910655679185
2016-01-01,4.5,0.8,14.12234361544937,0.05789628361391965,0.0033981172131988327,8.33378269622673,22.598558840844372
2016-01-01,4.5,0.9,13.934705263544688,0.056173743832677314,0.0034860255244074634,8.057439978323579,21.576534304069444
2016-01-01,4.5,1.0,15.145481353933386,0.055548845413730674,0.003039857058712791,0.40816552949988644,29.171693607823187
2016-01-01,5.0,0.0,12.619080891766986,0.12240722427830815,0.005019849296250512,4.8682853944030615,22.7492377893584
2016-01-01,5.0,0.1,14.019107499036062,0.10422178598920782,0.005096493865195806,7.246983378451295,23.547252470414016
2016-01-01,5.0,0.2,14.488239693399075,0.08411024003622083,0.004495705650547245,8.163717727996467,23.112083537185583
2016-01-01,5.0,0.3,14.653037966974004,0.06963161197132034,0.00403624098214225,7.094691089053115,24.47871783816765
2016-01-01,5.0,0.4,14.569652699321772,0.06660841484915891,0.0038949241369976313,8.847958216238005,23.231179614461453
2016-01-01,5.0,0.5,14.448996873630895,0.06243190015578577,0.0037163190612150517,6.437024337798357,24.722746373568786
2016-01-01,5.0,0.6,14.463019214161474,0.05856933541378296,0.0035715404656011663,6.057971522776079,24.366584466460143
2016-01-01,5.0,0.7,15.22247136348289,0.05767066049625501,0.0031945812144130985,3.3250056669693597,28.250716135987634
2016-01-01,5.0,0.8,14.255878444686,0.056500962137849844,0.0034433522283065653,6.32058752924317,23.396195280691426
2016-01-01,5.0,0.9,14.10581505389469,0.05512057148344676,0.0035052918510962584,2.7955860274035658,25.95339458558515
2016-01-01,5.0,1.0,14.109191030159153,0.05520667693888343,0.0033656187255705536,5.496504354407364,22.9474557366263
2016-04-01,0.0,0.0,4.754841068379392,0.10718990668874397,0.006426675168882933,-7.965781880758122,17.458024419489288
2016-04-01,0.0,0.1,5.4205280679955266,0.17032672974890395,0.009742279378081713,-5.6085128132168665,19.531165155072475
2016-04-01,0.0,0.2,5.448173126844193,0.11404381217680026,0.008056076788337242,-7.072259788188814,18.98668710912119
2016-04-01,0.0,0.3,4.952744889417455,0.08504855884429531,0.00737763310969726,-8.356610846732194,20.683015323617912
2016-04-01,0.0,0.4,4.590933177936164,0.0726078397193152,0.006964963162592427,-8.800887102726962,19.036736438915046
2016-04-01,0.0,0.5,4.361263779115904,0.0652238635625586,0.006536196349685231,-9.777599501871599,20.312729210954743
2016-04-01,0.0,0.6,3.9697675738800675,0.0626681037367913,0.006707910365873133,-10.911144116962365,19.094249680878363
2016-04-01,0.0,0.7,4.543859282934026,0.061452349726657494,0.005474107963510422,-9.397803587334499,19.3233951823599
2016-04-01,0.0,0.8,3.9537788718522178,0.05751575852731461,0.005939484511110665,-9.391479203207522,18.524211793786094
2016-04-01,0.0,0.9,3.8677637148393242,0.056501439719194614,0.00583665967701492,-10.327089400037305,18.44187704794816
2016-04-01,0.0,1.0,3.562117221679389,0.057292391000850575,0.00579699328118794,-11.752751253707224,19.695039993679142
2016-04-01,0.5,0.0,6.865765271384576,0.1217006953434639,0.005815808856402284,-5.19914293151445,21.253603608856544
2016-04-01,0.5,0.1,4.876042932184748,0.09251740247266663,0.0064433393576339365,-8.373956060584721,18.732767149469776
2016-04-01,0.5,0.2,6.097618411254605,0.10427806056767865,0.0067459387327100185,-6.516994235988221,20.368054935986564
2016-04-01,0.5,0.3,5.620380187543445,0.08372447137261582,0.0063815933021538615,-7.431030129907632,21.373027570843192
2016-04-01,0.5,0.4,5.173294493721609,0.07066347934948533,0.0059751221172604065,-8.4956554667796,20.87417465774975
2016-04-01,0.5,0.5,4.810635487547807,0.06452796168513417,0.005792802504845975,-8.206031094277149,21.36746394001478
2016-04-01,0.5,0.6,4.618425699264022,0.06288419325903762,0.005658588829151255,-10.771277070758806,19.225449721769117
2016-04-01,0.5,0.7,4.470497608696749,0.059019167296575505,0.005390964922048824,-10.858918457684695,20.92820316228806
2016-04-01,0.5,0.8,4.296897523342194,0.05749161008438393,0.005319122787268421,-12.363196905351218,20.407495950380937
2016-04-01,0.5,0.9,3.625965530206735,0.05757669942599619,0.005969211193209331,-9.508874485090661,17.12543386986922
2016-04-01,0.5,1.0,3.4502956153350066,0.05594896398096943,0.006233812231920755,-10.225428033028162,17.99956187092538
2016-04-01,1.0,0.0,5.715242021384475,0.11560839849952659,0.0073280476330661115,-5.771611829554858,20.750842179428926
2016-04-01,1.0,0.1,5.036263142001939,0.08497237285803913,0.005368126272135603,-10.369635698216294,18.96443888450589
2016-04-01,1.0,0.2,6.5125541110534595,0.09566364268411244,0.005957870748627398,-7.079924052072802,22.04156692424236
2016-04-01,1.0,0.3,6.705631428087628,0.0837214154875043,0.005199294410521062,-6.487853366027759,22.380389619154403
2016-04-01,1.0,0.4,5.839329189509384,0.0697662894183849,0.005119208651496432,-7.895321922575614,21.580576891749853
2016-04-01,1.0,0.5,5.06628965446466,0.06617066813966864,0.005558642093926094,-8.636402456393029,19.961312951277776
2016-04-01,1.0,0.6,5.133387886831564,0.06079877525756012,0.0048496717379916425,-10.15022678454231,21.18759446265309
2016-04-01,1.0,0.7,4.638977611164757,0.06045314595978112,0.005053777163613297,-8.987585925516417,20.14744818698371
2016-04-01,1.0,0.8,5.207581380348984,0.05816355524782077,0.004073529597425978,-10.743312766825024,21.742784563142614
2016-04-01,1.0,0.9,4.564071737632919,0.05775869674044908,0.004373970606990933,-9.373153696894146,18.41779716109841
2016-04-01,1.0,1.0,4.934143465723384,0.056176903096692,0.0038827381029765116,-12.199138297115018,21.779112359656175
2016-04-01,1.5,0.0,7.276687585081105,0.09954721511859202,0.0040517402046997865,-2.617724059939327,18.707072378142982
2016-04-01,1.5,0.1,6.580213615956526,0.11052424956649126,0.0047423964631168,-4.563768173658904,19.18668724438178
2016-04-01,1.5,0.2,8.355961606806959,0.10658703594227044,0.004812060864443258,-4.3330002017585905,24.04931497761494
2016-04-01,1.5,0.3,7.381934103773775,0.08123706751756371,0.004510092477364222,-5.423000791204399,23.737027481550967
2016-04-01,1.5,0.4,6.492891851701692,0.06942230146518853,0.00445425307482486,-8.337239952915372,21.033601051224625
2016-04-01,1.5,0.5,5.997480412902529,0.06409838978154947,0.004366334334270055,-9.645684421058943,22.812527901219397
2016-04-01,1.5,0.6,5.813926941494984,0.06143706904951023,0.00410430036763963,-7.351687453588833,21.951090929537106
2016-04-01,1.5,0.7,5.576784813570835,0.06139020832215688,0.0037739215354957974,-7.703196836753802,19.614396416975225
2016-04-01,1.5,0.8,5.076276847256407,0.05786782868051476,0.004170302780209426,-9.31753928012469,20.580298994246046
2016-04-01,1.5,0.9,4.309318311883043,0.05792639153904779,0.004476072240158777,-11.521849090093744,20.086654487880203
2016-04-01,1.5,1.0,5.04880316743917,0.05604880973700998,0.0036636061834195745,-11.037736292557039,23.62971279214414
2016-04-01,2.0,0.0,6.74841211732788,0.08801529808071905,0.0042314272528405,-6.77763736128145,20.36408878787783
2016-04-01,2.0,0.1,9.65958437012917,0.10281968391028722,0.003649715746797162,-2.1043811581182617,22.3379734022315
2016-04-01,2.0,0.2,8.996177635072986,0.10264120077471788,0.004273535901330386,-5.100515251253373,23.69928765908633
2016-04-01,2.0,0.3,8.087459755477758,0.08079586385024771,0.003986905551346985,-5.99562189497365,23.897261231707517
2016-04-01,2.0,0.4,7.228128035392224,0.06982821409984553,0.0038784193926256253,-8.459998361110877,23.89476998472815
2016-04-01,2.0,0.5,6.604077331499335,0.06487760363193726,0.003807361963065218,-8.174543426292708,20.24494347468712
2016-04-01,2.0,0.6,6.395952912001887,0.06325015639532783,0.003543901471959844,-10.136116684219115,24.177976022367748
2016-04-01,2.0,0.7,5.849477618797037,0.05959407030449191,0.003625529448821609,-8.373831843211864,21.819298860781178
2016-04-01,2.0,0.8,6.130904491708965,0.05821628859177152,0.003020964655269358,-9.03968344992792,22.27343022742138
2016-04-01,2.0,0.9,4.521544281751511,0.05758095680141144,0.004392165242728184,-9.241262405746557,20.1720125828027
2016-04-01,2.0,1.0,4.264125350115051,0.05690566690660683,0.004210676981965297,-10.107439819019051,20.177385146673675
2016-04-01,2.5,0.0,9.225452568749771,0.16389571845055245,0.004682091511222022,0.7761154860024183,20.085640717342205
2016-04-01,2.5,0.1,10.075808184121675,0.14374771842971218,0.004503172382027745,-1.0140019577801327,21.916750604719184
2016-04-01,2.5,0.2,9.099097180310766,0.09132184368512661,0.0038087490832768565,-4.492808381686412,24.805475403889066
2016-04-01,2.5,0.3,8.637164283045381,0.08022640386656166,0.003616604154611257,-6.17164159249062,24.33949058896242
2016-04-01,2.5,0.4,7.606296529707096,0.07037249459487473,0.0036318380370176638,-6.552803480520934,23.413843152395607
2016-04-01,2.5,0.5,7.363599074551312,0.06802231427205577,0.0033042706107222317,-6.413085337050792,22.001714713751593
2016-04-01,2.5,0.6,6.694511411488196,0.06075685406786218,0.0032360166688034306,-10.768421120499868,24.27858676310274
2016-04-01,2.5,0.7,6.403785663579738,0.06008989947416709,0.0030929860603811804,-9.332736149695323,24.75808946123096
2016-04-01,2.5,0.8,6.274864880264749,0.05848027338235024,0.002780780606694628,-11.083132583608414,25.506331757259883
2016-04-01,2.5,0.9,4.95028422844361,0.05806728782008227,0.00367388907412207,-10.466374446982698,21.640124607666042
2016-04-01,2.5,1.0,5.001462661820703,0.05658362590812682,0.003681639361955652,-10.425002750687092,23.773105495890146
2016-04-01,3.0,0.0,7.063310921401992,0.10356458195287321,0.003605835318236651,-1.606124640013509,19.132927323764545
2016-04-01,3.0,0.1,10.510571673920442,0.12915996997368023,0.004002455545261399,-0.8185705929219105,24.56142867126172
2016-04-01,3.0,0.2,9.610525230670971,0.09440539290003779,0.0036589374464053768,-3.903803592329616,24.61780851465979
2016-04-01,3.0,0.3,9.041217774045366,0.07932152497925411,0.003339707584166086,-6.860817573222058,26.466369339928093
2016-04-01,3.0,0.4,8.198447890244221,0.07053663267180534,0.0032152051403855487,-6.447065762928053,24.44840123549569
2016-04-01,3.0,0.5,7.382980872244111,0.06480762019113179,0.0032486873393313717,-9.024660231324889,24.59510879879177
2016-04-01,3.0,0.6,7.0573121470520075,0.06315306726935643,0.0028711333256379065,-6.871597730199938,22.525697859190597
2016-04-01,3.0,0.7,6.532713016738274,0.060419496409882006,0.0028448782469301156,-11.459981112932951,25.547914657949885
2016-04-01,3.0,0.8,5.780143731112179,0.05815966243870793,0.0033653687920753707,-7.4665315666459495,20.053602587931138
2016-04-01,3.0,0.9,5.966367138604013,0.056721843074098874,0.002773744232116627,-10.400233618685089,22.841436486569453
2016-04-01,3.0,1.0,5.440587659135814,0.055990563217029,0.0032907994969318915,-10.204434500746986,21.02871964901868
2016-04-01,3.5,0.0,8.08543101581665,0.12812637077544137,0.003766071443561202,-0.8514311440441298,22.09475554477082
2016-04-01,3.5,0.1,10.803643780966063,0.13304475828697654,0.0039357783557725495,-0.7673259427872715,24.526554972909906
2016-04-01,3.5,0.2,10.307818246319611,0.09680519210872585,0.0033841955639060672,-1.6331124975578704,25.130867425898025
2016-04-01,3.5,0.3,9.316686209288465,0.07828628254379538,0.0031346412501568467,-5.845324372091596,26.502215243908896
2016-04-01,3.5,0.4,8.279087014595907,0.06993919445594778,0.003163996187891497,-7.117385897308559,24.523250297149886
2016-04-01,3.5,0.5,7.697983018766263,0.06608968040914591,0.002972354150373291,-7.053012184501372,24.56310219308005
2016-04-01,3.5,0.6,7.336309818475056,0.06107953293900596,0.0026988917753093347,-8.803319119565627,25.952586466579074
2016-04-01,3.5,0.7,6.354939214729066,0.05999814774501312,0.0033952299891332497,-8.636165209396594,21.903820288653385
2016-04-01,3.5,0.8,5.756772691701389,0.05949408920000934,0.0032940003742194567,-12.269668999025402,26.300146856142064
2016-04-01,3.5,0.9,5.517974670425968,0.057505268033847264,0.0028851190836527403,-8.131092963650799,20.366496941236953
2016-04-01,3.5,1.0,5.323032986015054,0.05678904491873807,0.0036490325909619738,-7.519716744817049,19.859264181604306
2016-04-01,4.0,0.0,6.191800553726943,0.09516907155590631,0.0045116841039253685,-7.2302481519818365,20.105875582277893
2016-04-01,4.0,0.1,10.957861198566235,0.12800472676216565,0.00376313292285902,-0.22837256938387998,24.394930115274708
2016-04-01,4.0,0.2,10.465172983830866,0.09530787258577988,0.003256754741656144,-3.11138197817004,25.672902520453746
2016-04-01,4.0,0.3,9.501852956197673,0.07740196203160873,0.002985247891601935,-5.257349974182887,27.777681720437233
2016-04-01,4.0,0.4,8.541169638895429,0.06843398838996488,0.002860051998677907,-6.544397845822399,26.191843674954775
2016-04-01,4.0,0.5,7.869292076442257,0.06475122618482414,0.0027232817436197024,-9.935416462846456,26.23722642422912
2016-04-01,4.0,0.6,6.995178592990737,0.060718585081200184,0.0029414933843708337,-7.7315409257891865,22.17645501896422
2016-04-01,4.0,0.7,6.334464907585359,0.06032756564755945,0.002729352945637041,-9.027413673880329,20.193155546071168
2016-04-01,4.0,0.8,5.836067822530976,0.05914544277964037,0.0025267581693516703,-7.551413402444905,20.854007050960288
2016-04-01,4.0,0.9,5.991770614225127,0.057265749637667514,0.002653780837387597,-10.218281779333187,23.393123835629844
2016-04-01,4.0,1.0,5.654080031055801,0.05642091636199159,0.0024356805036733755,-9.513579511166304,21.109232763083803
2016-04-01,4.5,0.0,7.123020667406504,0.078533035841918,0.003100720043909056,-6.67801244734433,20.909816928848034
2016-04-01,4.5,0.1,8.050736488146908,0.08508116633207026,0.0034377930449603503,-4.680944545664049,21.985057564136312
2016-04-01,4.5,0.2,10.61130142087357,0.0933843786131455,0.0031183400024104744,-2.602561683443281,26.110894277766732
2016-04-01,4.5,0.3,9.712914904479181,0.07800099584799591,0.0028837928697660626,-4.516936772764511,26.78782202923569
2016-04-01,4.5,0.4,8.65929143226176,0.07180290185051481,0.0028859931179537283,-3.4540548201462666,22.998270724484858
2016-04-01,4.5,0.5,7.884945051063268,0.06344873185224258,0.0026335786349838256,-7.29332358161197,26.32474112126595
2016-04-01,4.5,0.6,7.204552829925395,0.06208835813832909,0.0025204795353837265,-9.154219616998533,25.276311208677328
2016-04-01,4.5,0.7,6.69024948741775,0.0590284456398229,0.002618965381331204,-7.29664435292467,22.041136687545674
2016-04-01,4.5,0.8,6.668584241439864,0.05759637206574343,0.0026007549448486523,-10.839895897208798,27.715421243587613
2016-04-01,4.5,0.9,6.112390669718507,0.056264888885286475,0.0024879238710294994,-8.052373989497996,23.19492800709458
2016-04-01,4.5,1.0,5.860002743436947,0.05561877714392358,0.0024744135220175403,-8.559322391221,22.47668981400231
2016-04-01,5.0,0.0,8.970479080015414,0.0899561643232196,0.0032552484071752767,-5.771720795918032,24.58078805848599
2016-04-01,5.0,0.1,11.321109427907187,0.1202430901733487,0.0034231810353332554,0.5644465241297519,25.467883733407437
2016-04-01,5.0,0.2,10.713080429195019,0.09288387014876535,0.00304709285365198,-2.4815207694145665,27.001785651905745
2016-04-01,5.0,0.3,9.702648243196611,0.07591767099896377,0.002781070379236014,-5.309463404522475,26.820040643448454
2016-04-01,5.0,0.4,8.807612529724988,0.07119843161426662,0.002692747320048444,-5.428814700970733,24.939655128285814
2016-04-01,5.0,0.5,8.235250878826744,0.06692854855107598,0.002542741922975812,-8.576566162710117,29.88006364887728
2016-04-01,5.0,0.6,7.152687714679156,0.06227333916748837,0.0024446462974712013,-6.248307563350105,23.54511953179315
2016-04-01,5.0,0.7,6.729745972783267,0.058823286889135844,0.0024868384218470563,-11.196401013002692,26.321484659558042
2016-04-01,5.0,0.8,6.344063617631024,0.0579256587212681,0.0023242856583769963,-7.294240627127348,21.65687791746428
2016-04-01,5.0,0.9,5.8003292942609885,0.05750730804322175,0.0021649544412928553,-10.897867806395489,24.90138155433692
2016-04-01,5.0,1.0,5.929088990039123,0.05655692530189514,0.0024706039425376834,-11.241289399826828,24.512207265962857
2016-07-01,0.0,0.0,6.758420486771715,0.10265410689599522,0.00390947167618472,-11.829051580437694,28.15994932551466
2016-07-01,0.0,0.1,8.709715487283832,0.1299992135363387,0.004864455466435396,-9.12857236476771,30.773044906187128
2016-07-01,0.0,0.2,8.415704027703317,0.132008885969748,0.0052996652479091345,-9.242886664367097,29.176548018685743
2016-07-01,0.0,0.3,7.425480146345211,0.1013959335699279,0.0049322504900030555,-11.160430845920414,28.717579595275563
2016-07-01,0.0,0.4,5.991811566823462,0.07914635538285154,0.004554583862296238,-13.511321215546152,33.212018019819965
2016-07-01,0.0,0.5,6.054084531713887,0.07786815665585026,0.004486772663941706,-13.481572300735865,30.992641087104623
2016-07-01,0.0,0.6,5.321817889292398,0.07121203610331789,0.004379614189417143,-13.154198934188443,29.84829328259214
2016-07-01,0.0,0.7,4.57387901826444,0.0662125999100112,0.0043506084440917475,-14.132243465273827,28.29164078792835
2016-07-01,0.0,0.8,4.389846433826917,0.06554482862433687,0.00422483580319405,-15.4485122415341,29.06032709836213
2016-07-01,0.0,0.9,3.5286521837093603,0.06068596591170137,0.004335299284517194,-14.558289272265299,27.876855979530582
2016-07-01,0.0,1.0,3.335016967248747,0.06145781554293994,0.0042678268774958604,-14.442338973300712,26.51012468302823
2016-07-01,0.5,0.0,7.603998472426068,0.1227416462894354,0.0050127901427505514,-9.970469356888563,29.32004814655013
2016-07-01,0.5,0.1,7.495950651122653,0.10038732448092541,0.004533695245827629,-12.067555187277108,29.90521725313228
2016-07-01,0.5,0.2,7.4060555303006534,0.10859471239022114,0.004812377734773291,-9.005793975166325,32.23004474015794
2016-07-01,0.5,0.3,7.475110542810683,0.10004104646844762,0.0048427358357797734,-9.935988507816289,29.601795228669662
2016-07-01,0.5,0.4,6.725794274376972,0.08529403981936837,0.004565976553809598,-12.338548188999455,30.81270622334925
2016-07-01,0.5,0.5,6.049515091374119,0.07714352267949025,0.004424222848232327,-12.650542073676101,29.994857230794707
2016-07-01,0.5,0.6,5.363472494591275,0.07014562272466127,0.004214181050644031,-14.06226178137969,27.43005614219936
2016-07-01,0.5,0.7,5.105709454403061,0.06939919504475676,0.004206213400341563,-14.969015127763768,31.109544609419437
2016-07-01,0.5,0.8,4.109699668113233,0.06321922054765619,0.00423403708691894,-15.772783498775276,28.74493878001878
2016-07-01,0.5,0.9,3.8848768964419804,0.06023950771688895,0.0038276279494947477,-16.446885467182963,26.9548878670505
2016-07-01,0.5,1.0,3.187158813770687,0.06170918806045119,0.004454910984736731,-15.37682890606818,27.296821790275107
2016-07-01,1.0,0.0,5.755780258868958,0.10472033658409653,0.004315135480455769,-12.841083718212847,26.805946920505544
2016-07-01,1.0,0.1,8.740505393390642,0.1455623378550099,0.005295884255890663,-7.679091251118367,28.458037253443923
2016-07-01,1.0,0.2,8.559765276882722,0.12839100449199292,0.005107752232416781,-9.177242733588391,31.710680523169515
2016-07-01,1.0,0.3,7.518324031826191,0.09827227811765624,0.004729456877017263,-10.413536846926652,28.8928541959964
2016-07-01,1.0,0.4,6.5859946304913075,0.0821800914391844,0.0044214235312824675,-13.522058486300303,28.928882975774982
2016-07-01,1.0,0.5,5.857656550947001,0.07363295526433004,0.004210173296239359,-13.769184858428613,31.55226912986946
2016-07-01,1.0,0.6,5.343925891375428,0.06917526691571757,0.00409793392241034,-14.49441707951656,28.01361084592284
2016-07-01,1.0,0.7,4.8305199617408645,0.06509512718292919,0.003909869890531498,-14.988756063977966,29.199044754393324
2016-07-01,1.0,0.8,4.3516734630576215,0.06436724785613697,0.004065859678979251,-15.659990789895705,29.131127812014928
2016-07-01,1.0,0.9,3.77413398243057,0.06172089612802646,0.004095743369441046,-14.535633520223733,25.99457520636206
2016-07-01,1.0,1.0,3.882352006437209,0.06003053344590473,0.0033423954708154935,-18.278891640313816,33.78540499138203
2016-07-01,1.5,0.0,7.4565529891577915,0.14474978533166377,0.005909826528356007,-9.826635839770157,27.058740813724096
2016-07-01,1.5,0.1,6.2094488852961955,0.09825082800919596,0.0036533015966197877,-14.138840967209306,34.95910941105854
2016-07-01,1.5,0.2,3.7807643082080737,0.07924664189935185,0.004974032796833043,-12.438380864100385,27.769020095306526
2016-07-01,1.5,0.3,6.995887685666459,0.09071096847812585,0.004649402874644958,-12.874201579142657,33.52247943248434
2016-07-01,1.5,0.4,6.401985753789277,0.07942461103336584,0.004244352756941648,-12.307984514031189,30.7060547774559
2016-07-01,1.5,0.5,6.0543490077960325,0.07452533549062593,0.004140562518004137,-13.962331010661892,30.843401255073914
2016-07-01,1.5,0.6,5.351414588162875,0.0684710594185573,0.00398266866904813,-14.322475682821349,28.333794514518804
2016-07-01,1.5,0.7,4.791395031627488,0.06443426445759616,0.0038158302748061783,-15.40956251393631,28.39306059234648
2016-07-01,1.5,0.8,4.356274679794635,0.06227059307710418,0.003725561742882515,-15.950604363342011,29.117006110706832
2016-07-01,1.5,0.9,3.817262978011536,0.05956920151144141,0.003693686382994219,-16.80959040337605,27.469951645846496
2016-07-01,1.5,1.0,3.330330558366191,0.06103146275614943,0.004102005483506626,-15.012958949089034,26.87849935196631
2016-07-01,2.0,0.0,6.115735027086966,0.10082750964174263,0.004983471918063147,-10.220832225592911,30.282975803355335
2016-07-01,2.0,0.1,8.890755252179309,0.1381626488091269,0.0051182348822076265,-9.363153407923587,30.4666823736344
2016-07-01,2.0,0.2,8.52342112766483,0.11990308739507834,0.004849565829832265,-9.165562760436549,29.97583115318565
2016-07-01,2.0,0.3,7.573833678528516,0.0953615576677716,0.004534201027831229,-11.026317094982076,33.70985441081838
2016-07-01,2.0,0.4,6.792924449243141,0.08253800025183239,0.004296391080638022,-13.008168325505828,32.751048685023285
2016-07-01,2.0,0.5,6.109860111412011,0.0741571359149623,0.0040433463759539925,-15.087254639801232,27.577305893599245
2016-07-01,2.0,0.6,5.335671005504246,0.0678279364681666,0.0038870918230158183,-15.402119421356764,30.63314895657401
2016-07-01,2.0,0.7,4.793059019487587,0.06399072352652911,0.0037065372788216973,-15.763612316544963,28.45431428429026
2016-07-01,2.0,0.8,4.210177424418496,0.061145280917518814,0.0036801276644377757,-14.728780199716036,28.912560225441247
2016-07-01,2.0,0.9,4.014267939863625,0.06053070371756614,0.0033950395298076937,-18.062331323456263,30.776991818917498
2016-07-01,2.0,1.0,3.434918351932259,0.059914490827055605,0.003839607429928438,-16.275433442206957,25.421184055765835
2016-07-01,2.5,0.0,5.654300670633892,0.10122212425236476,0.004499792952219653,-13.297379135460295,31.52548895646177
2016-07-01,2.5,0.1,6.372857580322183,0.09482808317487901,0.003952050307088352,-13.53415028883858,29.32441392040173
2016-07-01,2.5,0.2,7.008980484957352,0.08997654061972077,0.004359494555300609,-11.378350561360978,31.1030376367814
2016-07-01,2.5,0.3,7.584440780390432,0.09392857863908947,0.004440067655093144,-11.578587863877841,30.43653174882157
2016-07-01,2.5,0.4,6.583585788451695,0.07835082955689797,0.004062394781146733,-14.404703658708808,32.82373937054771
2016-07-01,2.5,0.5,6.114431289908652,0.07334529197463835,0.003927488136161098,-15.135579472259657,30.038810401653212
2016-07-01,2.5,0.6,5.438295165459835,0.06812794144361503,0.003789642653081042,-15.836725043976363,30.664630550717618
2016-07-01,2.5,0.7,4.787614931485387,0.06410233573732865,0.003667167738335306,-16.20271325877462,30.021872459050552
2016-07-01,2.5,0.8,4.2633189487993,0.06146115190025834,0.003577156273266048,-16.174723779262692,30.55306288169679
2016-07-01,2.5,0.9,3.9735047903219427,0.060082137730994724,0.0032280007981577486,-19.19347230109682,31.537969674904566
2016-07-01,2.5,1.0,3.5190497993294407,0.05838618476991778,0.0033654242548052686,-18.195507956458563,29.984787973926583
2016-07-01,3.0,0.0,7.16926054769171,0.1543323867135435,0.004996587777171344,-9.148242812116598,30.080838207648043
2016-07-01,3.0,0.1,8.221420626879242,0.1136480301613155,0.004551826914611308,-10.153619875206482,32.249502986253695
2016-07-01,3.0,0.2,8.516930144934548,0.11436022342920824,0.004572930435906124,-10.169667648797468,31.15389076587711
2016-07-01,3.0,0.3,7.581194316115629,0.09243013851636032,0.004343095078071357,-9.86915555746581,32.04722429617224
2016-07-01,3.0,0.4,6.8261559755908765,0.07999829357029846,0.004017653994032913,-12.71161417100382,32.170665036916894
2016-07-01,3.0,0.5,6.0748745703965135,0.07235123394473383,0.003816437663231432,-15.263069032768538,32.353015847330546
2016-07-01,3.0,0.6,5.438414066858739,0.06758611430194335,0.003652817184638264,-14.465314028014978,27.87096835746176
2016-07-01,3.0,0.7,4.640653936835329,0.06294655870998811,0.0036039297183742365,-16.67012037690364,25.48670348210024
2016-07-01,3.0,0.8,4.247113992933083,0.06110090859906101,0.0034326622439938485,-17.46059686485499,32.15185691264965
2016-07-01,3.0,0.9,3.8560584141398153,0.06189501084374473,0.0034486293617728217,-15.816343749009796,28.154541320086643
2016-07-01,3.0,1.0,3.124529188211858,0.062399180822599015,0.004051991812342318,-15.850943844922044,26.21067983853864
2016-07-01,3.5,0.0,7.055358069379932,0.1268625392251511,0.004018256295491579,-10.615115580107107,29.294282307533166
2016-07-01,3.5,0.1,6.381552690001039,0.08356204198937792,0.0038606639772530626,-14.03101782431348,30.48219004498522
2016-07-01,3.5,0.2,7.395625799751945,0.09543216539446892,0.004343480157457811,-10.949692293184443,30.678804992290807
2016-07-01,3.5,0.3,7.659174325411243,0.0913064771341046,0.004177545842346109,-12.752857732528806,31.268958028282345
2016-07-01,3.5,0.4,6.828860149505277,0.07894945278209305,0.0038908352032788326,-12.132597646214759,33.091578820993995
2016-07-01,3.5,0.5,6.0255899559475035,0.07139412328147429,0.0037028136877767116,-15.841613509927821,29.312955208361274
2016-07-01,3.5,0.6,5.433641664544064,0.06705394664483216,0.0034819922020438493,-15.859692223424718,32.0620774062096
2016-07-01,3.5,0.7,4.616653771835778,0.06268088565339794,0.0035224626018377603,-16.477060871842088,29.887459503372217
2016-07-01,3.5,0.8,4.210425088741188,0.06088070600706255,0.0031859758865149137,-16.914043963553784,29.368714849556202
2016-07-01,3.5,0.9,3.6975015716739894,0.05859404186168565,0.00332351400071563,-17.28420319375443,30.180497638533918
2016-07-01,3.5,1.0,3.178879290281927,0.06067643211949493,0.0033908075976121013,-18.87913591092693,29.94951937288603
2016-07-01,4.0,0.0,5.047373057350565,0.10607836805188826,0.004188869673632345,-10.5462828368366,23.848440658753585
2016-07-01,4.0,0.1,7.3660309731101945,0.1139343759861474,0.0043402619732527655,-10.017511418897017,30.38522639039172
2016-07-01,4.0,0.2,7.983274707174991,0.1021569613912091,0.0043144943598286455,-11.846159463336882,29.64297191915134
2016-07-01,4.0,0.3,7.64095699249027,0.08900514180818563,0.004018321298019199,-11.922006321654207,28.67337349644086
2016-07-01,4.0,0.4,6.779717219537616,0.07773847354207092,0.0037837527462014396,-14.742639949960965,31.44380303124622
2016-07-01,4.0,0.5,5.985316286551332,0.07068552262652855,0.003602530565416736,-15.195595524407972,31.094098401719492
2016-07-01,4.0,0.6,5.3118203478766075,0.06614006682623896,0.0033836803415672563,-17.318227193954048,33.510352061095496
2016-07-01,4.0,0.7,4.6287087102660625,0.0626630228115206,0.003366139096271521,-17.746513057488663,31.435894359332035
2016-07-01,4.0,0.8,4.0395253434560265,0.059858777060019755,0.003310767665264627,-17.352554337033478,28.990502384299273
2016-07-01,4.0,0.9,3.5891633110009167,0.06429465262652291,0.003939619253724495,-15.169562638373565,28.109703154753742
2016-07-01,4.0,1.0,2.887370512324569,0.0621499337720581,0.0035877625571825817,-18.023961704140927,29.36172339324871
2016-07-01,4.5,0.0,4.772440386551019,0.11048772971641703,0.0050698405233134325,-11.950255620494305,24.168978609620847
2016-07-01,4.5,0.1,9.982841354501529,0.15659924873128828,0.004713685810401137,-7.493059354912307,32.16551508345385
2016-07-01,4.5,0.2,8.88513259843435,0.11412685327383312,0.004334495512801499,-11.162309926607065,33.915099139795196
2016-07-01,4.5,0.3,7.601692708633558,0.08734325591954772,0.003906102388203565,-14.186515200944713,31.93817650984138
2016-07-01,4.5,0.4,6.76916994933035,0.07698544027689923,0.0036720883866762357,-14.343349593409503,32.98680179473356
2016-07-01,4.5,0.5,5.870214262873627,0.07002600027758223,0.00360971923425934,-14.702013755934285,28.404795904791694
2016-07-01,4.5,0.6,5.203636385885626,0.06552542620767707,0.003383995774458651,-16.91827795800178,31.983267050672925
2016-07-01,4.5,0.7,4.506760591585145,0.06207134655807477,0.0033967698861280043,-16.4938490425535,27.816476784790826
2016-07-01,4.5,0.8,4.006299335341827,0.05994197981927773,0.003354559000572482,-16.79952209624264,27.391580895232178
2016-07-01,4.5,0.9,3.5939460187918835,0.060298492914951894,0.0030431769728949134,-16.984346826721556,27.75843966593102
2016-07-01,4.5,1.0,3.099159282036571,0.05965628205294634,0.003108323550921304,-19.040977225675682,23.83491950626879
2016-07-01,5.0,0.0,6.234683315292607,0.08483266409286944,0.0034727417805416106,-13.689182352005165,31.173224940108916
2016-07-01,5.0,0.1,6.79905578657045,0.08783883840826066,0.003709313858921972,-13.98743417375288,30.568976354701977
2016-07-01,5.0,0.2,8.925849733895124,0.11235590985483884,0.004198849556851594,-10.68732046499105,32.95173332881747
2016-07-01,5.0,0.3,7.595582175546059,0.08604944357695923,0.00376734831137859,-13.146531539728665,33.27927193290551
2016-07-01,5.0,0.4,6.761949400485204,0.0765129047676792,0.00358757891652784,-15.373997826787205,31.498829560917205
2016-07-01,5.0,0.5,5.90121078560337,0.06958687308279003,0.0033789981367331836,-17.550797370183332,32.47595044402161
2016-07-01,5.0,0.6,5.1168680959448185,0.06501648890382418,0.0033053498473281364,-16.229619586843206,32.121344096223204
2016-07-01,5.0,0.7,4.47945280348245,0.06198348893342122,0.003233174488799673,-17.66271665680379,29.21953931174556
2016-07-01,5.0,0.8,4.067690991688198,0.06455839347605404,0.0034752549256616646,-15.113351036602793,24.11318822492927
2016-07-01,5.0,0.9,3.390232327415108,0.058194042099576584,0.002919235170631874,-19.973601983786256,29.339234716227264
2016-07-01,5.0,1.0,3.2249999962575124,0.05729642412120228,0.003261550774366708,-18.19624023606527,27.622578536403783
